stock_id,symbol
0,AACG
1,AACI
2,AACIU
4,AADI
5,AAGR
7,AAL
8,AAME
9,AAOI
10,AAON
11,AAPL
12,AATC
13,ABAT
14,ABCB
15,ABCL
16,ABEO
17,ABIO
18,ABL
19,ABLLL
21,ABLV
23,ABNB
24,ABOS
25,ABSI
26,ABTS
27,ABUS
28,ABVC
29,ABVX
30,ACAB
31,ACABU
33,ACAC
34,ACACU
36,ACAD
39,ACB
40,ACBA
41,ACBAU
43,ACCD
44,ACDC
45,ACET
46,ACGL
47,ACGLN
48,ACGLO
49,ACHC
50,ACHL
51,ACHV
52,ACIC
53,ACIU
54,ACIW
55,ACLS
56,ACLX
57,ACMR
58,ACNB
59,ACNT
60,ACON
63,ACRS
64,ACRV
66,ACST
67,ACTG
68,ACVA
69,ACXP
70,ADAG
71,ADAP
72,ADBE
73,ADD
74,ADEA
78,ADI
79,ADIL
80,ADMA
81,ADN
86,ADP
87,ADPT
88,ADSE
90,ADSK
91,ADTH
93,ADTN
94,ADTX
95,ADUS
96,ADV
97,ADVM
99,ADXN
100,ADXS
101,AEAE
102,AEAEU
104,AEHL
105,AEHR
106,AEI
107,AEIS
108,AEMD
109,AENT
111,AEP
112,AERT
114,AEYE
115,AEZS
116,AFAR
117,AFARU
119,AFBI
120,AFCG
121,AFIB
122,AFJK
124,AFJKU
125,AFMD
126,AFRI
128,AFRM
129,AFYA
130,AGAE
131,AGBA
133,AGEN
134,AGFY
136,AGIO
137,AGMH
138,AGMI
139,AGNC
140,AGNCL
141,AGNCM
142,AGNCN
143,AGNCO
144,AGNCP
145,AGRI
147,AGYS
148,AHCO
149,AHG
150,AHI
152,AIB
154,AIBBU
155,AIH
156,AIHS
157,AILE
159,AIMAU
161,AIMBU
162,AIMD
164,AIP
165,AIRE
166,AIRG
167,AIRJ
169,AIRS
170,AIRT
171,AIRTP
172,AISP
174,AITR
176,AITRU
177,AIXI
178,AKAM
179,AKAN
180,AKBA
181,AKLI
182,AKRO
183,AKTS
184,AKTX
185,AKYA
186,ALAB
187,ALAR
188,ALBT
189,ALCE
190,ALCO
191,ALCY
192,ALCYU
194,ALDX
195,ALEC
196,ALGM
197,ALGN
198,ALGS
199,ALGT
200,ALHC
201,ALIM
202,ALKS
203,ALKT
204,ALLK
205,ALLO
206,ALLR
207,ALLT
208,ALNT
209,ALNY
210,ALOT
211,ALPN
212,ALPP
213,ALRM
214,ALRN
215,ALRS
216,ALSA
218,ALSAU
220,ALT
221,ALTI
222,ALTO
223,ALTR
227,ALVO
229,ALVR
230,ALXO
231,ALZN
232,AMAL
233,AMAT
234,AMBA
236,AMCX
237,AMD
238,AMED
240,AMGN
241,AMIX
242,AMKR
243,AMLI
244,AMLX
252,AMRX
253,AMSC
254,AMSF
255,AMST
256,AMSWA
257,AMTX
258,AMWD
260,AMZN
261,ANAB
262,ANDE
263,ANEB
264,ANGH
266,ANGI
267,ANGO
268,ANIK
269,ANIP
270,ANIX
271,ANL
272,ANNX
273,ANSC
274,ANSCU
276,ANSS
277,ANTE
278,ANTX
279,ANY
280,AOGO
281,AOGOU
283,AONC
285,AOSL
286,AOUT
287,APA
291,APCX
293,APDN
294,APEI
295,APGE
296,API
297,APLD
298,APLM
299,APLMW
300,APLS
301,APLT
302,APM
304,APOG
305,APP
306,APPF
307,APPN
308,APPS
309,APRE
311,APTO
312,APVO
313,APWC
314,APXI
315,APXIU
317,APYX
318,AQB
319,AQMS
320,AQST
321,AQU
323,AQUNU
324,ARAY
325,ARBB
326,ARBE
328,ARBK
329,ARBKL
330,ARCB
331,ARCT
332,ARDS
333,ARDX
334,AREB
336,AREC
337,ARGX
338,ARHS
342,ARKO
344,ARKR
345,ARLP
346,ARM
347,AROW
349,ARQ
350,ARQQ
351,ARQQW
352,ARQT
353,ARRW
354,ARRWU
356,ARRY
358,ARTL
360,ARTNA
361,ARTW
362,ARVN
363,ARWR
364,ARYD
369,ASCB
371,ASCBU
373,ASLE
374,ASLN
375,ASMB
376,ASML
377,ASND
378,ASNS
379,ASO
381,ASPI
382,ASPS
383,ASPU
384,ASRT
385,ASRV
386,ASST
387,ASTC
388,ASTE
389,ASTH
390,ASTI
391,ASTL
393,ASTR
394,ASTS
396,ASUR
397,ASYS
398,ATAI
399,ATAT
401,ATCOL
402,ATEC
403,ATER
404,ATEX
405,ATGL
406,ATHA
407,ATHE
408,ATIF
409,ATLC
410,ATLCL
411,ATLCP
412,ATLCZ
413,ATLO
414,ATLX
415,ATMC
417,ATMCU
419,ATMV
421,ATMVU
422,ATNF
424,ATNI
425,ATOM
426,ATOS
427,ATPC
428,ATRA
429,ATRC
430,ATRI
431,ATRO
432,ATSG
433,ATXG
434,ATXI
435,ATXS
436,AUBAP
437,AUBN
438,AUDC
439,AUGX
440,AUID
441,AUPH
442,AUR
443,AURA
446,AUTL
447,AUUD
449,AUVI
450,AUVIP
451,AVAH
452,AVAV
453,AVBP
455,AVDL
456,AVDR
457,AVDX
458,AVGO
459,AVGR
460,AVIR
461,AVNW
462,AVO
463,AVPT
465,AVRO
466,AVT
467,AVTE
468,AVTX
469,AVXL
470,AWH
471,AWIN
473,AWRE
474,AXDX
475,AXGN
476,AXNX
477,AXON
478,AXSM
479,AXTI
480,AY
481,AYRO
482,AYTU
483,AZ
484,AZN
485,AZPN
487,AZTA
489,BACK
490,BAER
492,BAFN
493,BAND
494,BANF
495,BANFP
496,BANL
497,BANR
498,BANX
499,BAOS
500,BASE
501,BATRA
502,BATRK
504,BAYAU
505,BBCP
506,BBGI
507,BBIG
508,BBIO
509,BBLG
510,BBLGW
511,BBSI
512,BCAB
513,BCAL
514,BCAN
515,BCBP
516,BCDA
518,BCG
520,BCLI
521,BCML
522,BCOV
523,BCOW
524,BCPC
525,BCRX
526,BCSA
527,BCSAU
529,BCTX
531,BCYC
532,BDRX
533,BDSI
534,BDSX
535,BDTX
536,BEAM
537,BEAT
539,BECN
540,BEEM
542,BELFA
543,BELFB
544,BENF
546,BETR
549,BFC
550,BFI
552,BFIN
553,BFRG
555,BFRI
557,BFST
558,BGC
559,BGFV
560,BGLC
561,BGNE
562,BGXX
563,BHAC
564,BHACU
566,BHAT
567,BHF
568,BHFAL
569,BHFAM
570,BHFAN
571,BHFAO
572,BHFAP
573,BHRB
575,BIAF
577,BIDU
578,BIGC
579,BIIB
580,BILI
581,BIMI
582,BIOL
583,BIOR
584,BIOX
585,BIRD
586,BITF
587,BIVI
588,BJDX
589,BJRI
590,BKHAU
591,BKNG
592,BKR
593,BKYI
594,BL
595,BLAC
597,BLACU
599,BLBD
600,BLBX
601,BLDE
603,BLDP
604,BLEU
606,BLEUU
608,BLFS
609,BLFY
610,BLIN
611,BLKB
612,BLMN
613,BLNK
614,BLRX
615,BLTE
616,BLUE
617,BLZE
618,BMBL
619,BMEA
620,BMLP
621,BMR
622,BMRA
623,BMRC
624,BMRN
625,BNAI
627,BNGO
628,BNIX
632,BNOX
633,BNR
634,BNRG
635,BNTC
636,BNTX
637,BNZI
639,BOCN
640,BOCNU
642,BOF
643,BOKF
644,BOLD
645,BOLT
646,BON
647,BOOM
648,BOSC
649,BOTJ
650,BOTT
651,BOWN
653,BOWNU
654,BOXL
655,BPMC
656,BPOP
657,BPOPM
658,BPRN
659,BPTH
660,BPTS
661,BPYPM
662,BPYPN
663,BPYPO
664,BPYPP
665,BRAC
667,BRACU
668,BRAG
669,BREA
670,BREZ
673,BRFH
674,BRID
675,BRKH
676,BRKHU
678,BRKL
679,BRKR
681,BRLS
683,BRLT
684,BRNS
685,BROG
687,BRP
689,BRRR
690,BRSH
692,BRTX
693,BRY
694,BRZE
695,BSBK
696,BSET
697,BSFC
699,BSGM
700,BSRR
701,BSVN
702,BSY
703,BTAI
704,BTBD
706,BTBT
707,BTCS
708,BTCT
710,BTCY
711,BTDR
712,BTFX
713,BTM
714,BTMD
716,BTOG
717,BTSG
718,BTSGU
719,BTTX
721,BUJA
723,BUJAU
725,BUSE
726,BVFL
727,BVS
729,BWAQ
731,BWAQU
733,BWAY
734,BWB
735,BWBBP
737,BWEN
738,BWFG
739,BWMN
740,BWMX
741,BYFC
742,BYND
743,BYNO
744,BYNOU
746,BYRN
747,BYSI
748,BYU
749,BZ
750,BZFD
752,BZUN
753,CAAS
754,CABA
755,CAC
756,CACC
757,CACO
758,CADL
759,CAKE
760,CALA
761,CALB
762,CALC
763,CALM
764,CALT
765,CAMP
766,CAMT
767,CAN
768,CANQ
769,CAPR
770,CAPT
772,CAR
773,CARA
774,CARE
775,CARG
776,CARM
777,CART
778,CARV
780,CASH
781,CASI
782,CASS
783,CASY
784,CATC
785,CATY
786,CAUD
787,CBAN
788,CBAT
789,CBFV
790,CBNK
791,CBRG
792,CBRGU
793,CBRL
794,CBSH
795,CBUS
797,CCAP
798,CCB
799,CCBG
800,CCCC
801,CCCS
802,CCEP
803,CCG
804,CCGWW
805,CCIH
806,CCIXU
807,CCLD
808,CCLDO
809,CCLDP
811,CCNE
812,CCNEP
813,CCOI
814,CCRN
815,CCSI
816,CCTG
817,CCTS
818,CCTSU
820,CDAQ
821,CDAQU
824,CDIO
826,CDLX
827,CDMO
828,CDNA
829,CDNS
830,CDRO
832,CDT
833,CDTG
835,CDTX
836,CDW
837,CDXC
838,CDXS
839,CDZI
840,CDZIP
841,CEAD
844,CECO
845,CEG
846,CELC
847,CELH
848,CELU
850,CELZ
851,CENN
852,CENT
853,CENTA
854,CENX
855,CERE
856,CERO
858,CERS
859,CERT
860,CETU
862,CETUU
864,CETX
865,CETXP
866,CETY
867,CEVA
868,CFB
869,CFBK
870,CFFI
871,CFFN
872,CFFS
873,CFFSU
875,CFLT
876,CFSB
877,CG
878,CGABL
879,CGBD
880,CGBDL
881,CGC
882,CGEM
883,CGEN
884,CGNT
885,CGNX
886,CGON
887,CGTX
888,CHCI
889,CHCO
890,CHDN
892,CHEF
893,CHEK
894,CHK
896,CHKEL
897,CHKEW
898,CHKEZ
899,CHKP
900,CHMG
901,CHNR
902,CHPMU
903,CHR
904,CHRD
905,CHRS
906,CHRW
907,CHSCL
908,CHSCM
909,CHSCN
910,CHSCO
911,CHSCP
912,CHSN
913,CHTR
914,CHUY
915,CHX
916,CIFR
918,CIGI
919,CINF
920,CING
922,CISO
923,CISS
924,CITE
925,CITEU
927,CIVB
928,CIZN
929,CJET
930,CJJD
931,CKPT
933,CLAR
934,CLBK
936,CLBT
938,CLDX
939,CLEU
940,CLFD
941,CLGN
943,CLIR
944,CLLS
945,CLMB
946,CLMT
947,CLNE
948,CLNN
950,CLOA
951,CLOE
953,CLOEU
954,CLOV
955,CLPS
956,CLPT
957,CLRB
958,CLRC
960,CLRCU
962,CLRO
963,CLSD
964,CLSK
966,CLST
967,CLVR
968,CLVRW
969,CLWT
970,CMAX
972,CMBM
973,CMCA
974,CMCAU
976,CMCO
977,CMCSA
978,CMCT
979,CME
980,CMLS
981,CMMB
982,CMND
983,CMPO
985,CMPR
986,CMPS
987,CMPX
988,CMRA
990,CMRX
991,CMTL
993,CNDT
994,CNET
995,CNEY
996,CNFR
998,CNGL
999,CNGLU
1001,CNOB
1002,CNOBP
1003,CNSL
1004,CNSP
1005,CNTA
1006,CNTB
1007,CNTG
1009,CNTX
1010,CNTY
1011,CNVS
1013,CNXC
1014,CNXN
1015,COCH
1017,COCO
1018,COCP
1019,CODA
1020,CODX
1021,COEP
1023,COFS
1024,COGT
1025,COHU
1026,COIN
1027,COKE
1028,COLB
1029,COLL
1030,COLM
1031,COMM
1032,COMSP
1033,CONN
1034,CONX
1035,CONXU
1037,COO
1038,COOL
1039,COOLU
1040,COOLW
1041,COOP
1042,COOT
1044,COPP
1045,CORT
1047,COSM
1048,COST
1050,COWG
1051,COYA
1053,CPBI
1054,CPHC
1055,CPIX
1056,CPLP
1057,CPOP
1058,CPRT
1059,CPRX
1060,CPSH
1062,CPSS
1063,CPTN
1065,CPZ
1066,CRAI
1067,CRBP
1068,CRBU
1069,CRCT
1070,CRDF
1071,CRDL
1072,CRDO
1073,CREG
1075,CRESY
1076,CREV
1078,CREX
1080,CRGO
1082,CRGX
1083,CRIS
1084,CRKN
1085,CRMD
1086,CRML
1088,CRMT
1089,CRNC
1090,CRNT
1091,CRNX
1092,CRON
1093,CROX
1094,CRSP
1095,CRSR
1096,CRTD
1097,CRTO
1098,CRUS
1099,CRVL
1100,CRVO
1101,CRVS
1102,CRWD
1103,CRWS
1105,CSBR
1106,CSCO
1107,CSGP
1108,CSGS
1109,CSIQ
1110,CSLM
1112,CSLMU
1114,CSLR
1116,CSPI
1117,CSSE
1119,CSSEN
1120,CSSEP
1121,CSTE
1122,CSTL
1123,CSWC
1124,CSWCZ
1125,CSWI
1126,CSX
1127,CTACU
1128,CTAS
1129,CTBI
1130,CTCX
1132,CTHR
1134,CTKB
1135,CTLP
1136,CTMX
1137,CTNM
1138,CTNT
1139,CTRM
1140,CTRN
1141,CTSH
1142,CTSO
1143,CTXR
1144,CUE
1145,CUEN
1147,CULL
1148,CURI
1150,CUTR
1151,CVAC
1152,CVBF
1153,CVCO
1155,CVGI
1156,CVGW
1157,CVII
1158,CVIIU
1160,CVKD
1161,CVLG
1162,CVLT
1163,CVLY
1164,CVRX
1165,CVV
1166,CWBC
1167,CWBR
1168,CWCO
1169,CWD
1170,CWST
1171,CXAI
1173,CXDO
1174,CYBR
1175,CYCC
1176,CYCCP
1177,CYCN
1178,CYN
1179,CYRX
1181,CYTH
1182,CYTHW
1183,CYTK
1184,CYTO
1185,CZFS
1186,CZNC
1187,CZR
1188,CZWI
1189,DADA
1190,DAIO
1191,DAKT
1192,DALN
1193,DARE
1194,DASH
1195,DATS
1196,DATSW
1197,DAVE
1199,DAWN
1200,DBGI
1202,DBVT
1203,DBX
1204,DCBO
1205,DCFC
1207,DCGO
1208,DCOM
1209,DCOMP
1210,DCPH
1211,DCTH
1212,DDI
1213,DDOG
1214,DECA
1215,DECAU
1217,DENN
1218,DERM
1220,DFLI
1222,DGHI
1223,DGICA
1224,DGICB
1225,DGII
1226,DGLD
1227,DGLY
1228,DH
1229,DHAC
1230,DHACU
1232,DHAI
1234,DHC
1241,DIBS
1250,DJT
1251,DJTWW
1252,DKNG
1253,DLHC
1254,DLO
1255,DLPN
1256,DLTH
1257,DLTR
1258,DMAC
1260,DMLP
1261,DMRC
1262,DMTK
1265,DNLI
1266,DNTH
1267,DNUT
1268,DOCU
1269,DOGZ
1270,DOMH
1271,DOMO
1272,DOOO
1273,DORM
1274,DOX
1275,DOYU
1276,DPCS
1277,DPCSU
1279,DPRO
1280,DRCT
1281,DRIO
1282,DRMA
1284,DRRX
1285,DRS
1286,DRTS
1289,DRUG
1291,DSGN
1292,DSGR
1293,DSGX
1294,DSLV
1295,DSP
1296,DSWL
1297,DTCK
1298,DTI
1299,DTIL
1301,DTSS
1302,DTST
1304,DUET
1305,DUETU
1307,DUO
1308,DUOL
1309,DUOT
1310,DVAX
1314,DWSN
1315,DXCM
1316,DXLG
1317,DXPE
1318,DXR
1319,DXYN
1320,DYAI
1321,DYCQ
1323,DYCQU
1324,DYFI
1325,DYN
1326,DYNT
1327,DZSI
1328,EA
1332,EAST
1333,EBAY
1334,EBC
1335,EBMT
1336,EBON
1337,EBTC
1338,ECBK
1339,ECDA
1341,ECOR
1342,ECPG
1343,ECX
1345,EDAP
1346,EDBL
1348,EDIT
1350,EDRY
1351,EDSA
1352,EDTK
1353,EDUC
1354,EEFT
1355,EEIQ
1356,EFOI
1357,EFSC
1358,EFSCP
1359,EFTR
1361,EGAN
1362,EGBN
1363,EGHT
1364,EGIO
1365,EGOX
1366,EGRX
1367,EH
1368,EHTH
1369,EIGR
1370,EJH
1371,EKSO
1372,ELAB
1373,ELBM
1374,ELDN
1375,ELEV
1378,ELSE
1379,ELTK
1380,ELTX
1381,ELUT
1382,ELVA
1383,ELVN
1384,ELWS
1385,ELYM
1386,EM
1387,EMBC
1389,EMCGU
1391,EMKR
1392,EML
1393,EMLD
1394,EMLDU
1400,ENG
1401,ENGN
1403,ENLT
1404,ENLV
1406,ENPH
1407,ENSC
1408,ENSG
1409,ENTA
1410,ENTG
1411,ENTX
1412,ENVB
1413,ENVX
1414,EOLS
1415,EOSE
1416,EOSEW
1417,EPIX
1418,EPOW
1419,EPRX
1421,EPSN
1422,EQ
1423,EQIX
1425,ERAS
1426,ERIC
1427,ERIE
1428,ERII
1429,ERNA
1431,ESACU
1433,ESCA
1434,ESEA
1436,ESGR
1437,ESGRO
1438,ESGRP
1439,ESHA
1441,ESLA
1443,ESLT
1444,ESOA
1445,ESPR
1446,ESQ
1447,ESSA
1449,ESTA
1450,ETAO
1451,ETNB
1452,ETON
1453,ETSY
1455,EUDA
1457,EVAX
1458,EVBG
1459,EVCM
1460,EVER
1461,EVFM
1462,EVGN
1463,EVGO
1464,EVGOW
1465,EVGR
1466,EVGRU
1468,EVLO
1469,EVLV
1471,EVO
1472,EVOK
1473,EVOL
1474,EVRG
1475,EVTV
1476,EWBC
1477,EWCZ
1478,EWTX
1479,EXAI
1480,EXAS
1481,EXC
1482,EXEL
1483,EXFY
1484,EXLS
1485,EXPE
1486,EXPI
1487,EXPO
1488,EXTR
1489,EYE
1490,EYEG
1491,EYEN
1493,EYPT
1494,EZFL
1495,EZGO
1496,EZPW
1497,FA
1498,FAAS
1500,FAMI
1501,FANG
1502,FANH
1503,FARM
1504,FARO
1505,FAST
1506,FAT
1507,FATBB
1508,FATBP
1510,FATE
1514,FBIO
1515,FBIOP
1516,FBIZ
1517,FBLG
1518,FBMS
1519,FBNC
1520,FBRX
1521,FBYD
1524,FCAP
1525,FCBC
1526,FCCO
1527,FCEL
1528,FCFS
1529,FCNCA
1530,FCNCO
1531,FCNCP
1532,FCUV
1533,FDBC
1534,FDMT
1535,FDUS
1536,FEAM
1537,FEBO
1538,FEIM
1539,FELE
1540,FEMY
1541,FENC
1542,FEXD
1544,FEXDU
1546,FFBC
1547,FFBW
1549,FFIC
1550,FFIE
1552,FFIN
1553,FFIV
1554,FFNW
1555,FGBI
1556,FGBIP
1557,FGEN
1558,FGF
1559,FGFPP
1560,FGI
1564,FHB
1565,FHLT
1566,FHLTU
1568,FHTX
1569,FIAC
1570,FIACU
1572,FIBK
1574,FINW
1575,FIP
1576,FISI
1577,FISV
1578,FITB
1579,FITBI
1580,FITBO
1581,FITBP
1582,FIVE
1583,FIVN
1585,FIZZ
1586,FKWL
1588,FLDB
1589,FLEX
1590,FLFV
1592,FLFVU
1594,FLGC
1595,FLGT
1596,FLIC
1597,FLJ
1598,FLL
1599,FLNC
1600,FLNT
1601,FLUX
1602,FLWS
1603,FLXS
1604,FLYW
1605,FMAO
1606,FMBH
1608,FMNB
1609,FMST
1611,FNCB
1612,FNCH
1613,FNGR
1614,FNKO
1615,FNLC
1616,FNVT
1617,FNVTU
1619,FNWB
1620,FNWD
1621,FOLD
1622,FONR
1623,FORA
1624,FORD
1625,FORL
1626,FORLU
1628,FORM
1629,FORR
1630,FORTY
1631,FOSL
1632,FOSLL
1633,FOX
1634,FOXA
1635,FOXF
1636,FPAY
1637,FRAF
1638,FRBA
1639,FREE
1641,FRES
1642,FRGT
1643,FRHC
1644,FRLA
1645,FRLAW
1646,FRME
1647,FRMEP
1648,FROG
1649,FRPH
1650,FRPT
1652,FRSH
1653,FRST
1654,FRSX
1655,FRTX
1657,FRZA
1658,FSBC
1659,FSBW
1660,FSEA
1661,FSFG
1662,FSLR
1663,FSTR
1664,FSV
1665,FTAAU
1666,FTAI
1667,FTAIM
1668,FTAIN
1669,FTAIO
1670,FTAIP
1671,FTCI
1672,FTDR
1673,FTEK
1674,FTEL
1675,FTFT
1676,FTHM
1677,FTII
1678,FTIIU
1680,FTLF
1681,FTNT
1683,FTRE
1684,FUFU
1686,FULC
1687,FULT
1688,FULTP
1689,FUNC
1690,FUSB
1691,FUSN
1692,FUTU
1693,FUV
1694,FVAM
1695,FVCB
1696,FWBI
1697,FWONA
1698,FWONK
1699,FWRD
1700,FWRG
1701,FXNC
1702,FYBR
1703,GABC
1704,GAIA
1705,GAIN
1706,GAINN
1707,GAINZ
1708,GALT
1709,GAMB
1710,GAMC
1711,GAMCU
1713,GAME
1714,GAN
1715,GANX
1716,GAQ
1717,GASS
1718,GATE
1719,GATEU
1720,GATEW
1721,GBBK
1724,GBDC
1725,GBIO
1726,GBNY
1729,GCBC
1730,GCMG
1732,GCT
1733,GCTK
1734,GDC
1735,GDEN
1736,GDEV
1738,GDHG
1739,GDRX
1740,GDS
1741,GDST
1743,GDSTU
1745,GDTC
1746,GDYN
1747,GECC
1748,GECCI
1749,GECCM
1750,GECCO
1752,GEG
1753,GEGGL
1754,GEHC
1755,GEN
1756,GENE
1757,GENK
1758,GEOS
1759,GERN
1760,GEVO
1761,GFAI
1763,GFS
1764,GGAL
1765,GGE
1768,GGR
1770,GH
1772,GHIX
1773,GHIXU
1775,GHRS
1776,GHSI
1779,GIFI
1780,GIGM
1781,GIII
1782,GILD
1783,GILT
1784,GIPR
1786,GLAC
1788,GLACU
1789,GLAD
1790,GLADZ
1791,GLBE
1793,GLBS
1794,GLBZ
1795,GLDD
1796,GLDI
1798,GLLI
1800,GLLIU
1802,GLMD
1803,GLNG
1804,GLPG
1805,GLPI
1806,GLRE
1807,GLSI
1808,GLST
1810,GLSTU
1812,GLTO
1813,GLUE
1814,GLYC
1815,GMAB
1816,GMDA
1817,GMFI
1818,GMFIU
1820,GMGI
1821,GMM
1823,GNFT
1824,GNLN
1825,GNLX
1827,GNPX
1828,GNSS
1829,GNTA
1830,GNTX
1831,GO
1832,GOCO
1833,GODN
1835,GODNU
1836,GOEV
1838,GOGL
1839,GOGO
1840,GOOD
1841,GOODN
1842,GOODO
1843,GOOG
1844,GOOGL
1845,GORV
1846,GOSS
1847,GOVX
1849,GP
1850,GPAC
1851,GPACU
1853,GPAK
1856,GPCR
1857,GPRE
1858,GPRO
1859,GRAB
1860,GRABW
1861,GRDI
1863,GREE
1864,GREEL
1865,GRFS
1866,GRIN
1867,GRNQ
1868,GROM
1870,GROW
1872,GRPN
1873,GRRR
1875,GRTS
1876,GRTX
1878,GRVY
1879,GRWG
1880,GRYP
1881,GSBC
1883,GSHD
1884,GSIT
1885,GSIW
1886,GSM
1888,GSUN
1889,GT
1890,GTAC
1891,GTACU
1893,GTBP
1894,GTEC
1895,GTHX
1896,GTI
1897,GTIM
1898,GTLB
1900,GTX
1901,GURE
1902,GUTS
1903,GV
1904,GVH
1905,GVP
1906,GWAV
1907,GWRS
1908,GXAI
1910,GYRE
1911,GYRO
1912,HA
1913,HAACU
1914,HAFC
1915,HAIA
1916,HAIAU
1918,HAIN
1919,HALL
1920,HALO
1921,HAS
1922,HAYN
1923,HBAN
1924,HBANL
1925,HBANM
1926,HBANP
1927,HBCP
1928,HBIO
1929,HBNC
1930,HBT
1931,HCAT
1934,HCKT
1935,HCM
1937,HCMAU
1939,HCP
1940,HCSG
1941,HCTI
1942,HCVI
1943,HCVIU
1945,HCWB
1946,HDSN
1947,HEAR
1948,HEES
1949,HELE
1950,HEPA
1951,HEPS
1953,HFBL
1954,HFFG
1955,HFWA
1956,HGAS
1958,HGBL
1959,HHGC
1961,HHGCU
1964,HHS
1965,HIBB
1966,HIFS
1967,HIHO
1969,HIMX
1970,HITI
1971,HIVE
1973,HLIT
1974,HLMN
1975,HLNE
1976,HLP
1977,HLTH
1978,HLVX
1979,HLXB
1980,HMNF
1981,HMST
1982,HNNA
1983,HNNAZ
1984,HNRG
1985,HNST
1986,HNVR
1987,HOFT
1988,HOFV
1990,HOLI
1991,HOLO
1993,HOLX
1994,HON
1995,HONE
1996,HOOD
1997,HOOK
1998,HOPE
1999,HOTH
2000,HOUR
2001,HOVNP
2002,HOVR
2004,HOWL
2005,HPCO
2006,HPH
2007,HPK
2008,HPKEW
2009,HQI
2010,HQY
2011,HRMY
2012,HROW
2013,HROWL
2014,HROWM
2015,HRTX
2016,HRYU
2017,HRZN
2018,HSAI
2020,HSCS
2022,HSDT
2023,HSIC
2024,HSII
2025,HSON
2026,HSPO
2028,HSPOU
2030,HST
2031,HSTM
2032,HTBI
2033,HTBK
2034,HTCR
2035,HTHT
2036,HTIA
2037,HTIBP
2038,HTLD
2039,HTLF
2040,HTLFP
2041,HTOO
2042,HTOOW
2043,HTZ
2049,HUDA
2050,HUDAR
2051,HUDAU
2052,HUDI
2053,HUGE
2054,HUIZ
2055,HUMA
2057,HURC
2058,HURN
2060,HUT
2061,HWBK
2062,HWC
2063,HWCPZ
2065,HWH
2066,HWKN
2068,HYFM
2069,HYMC
2070,HYMCL
2072,HYPR
2073,HYW
2074,HYXF
2075,HYZN
2077,IAC
2078,IART
2079,IAS
2080,IBAC
2082,IBACU
2083,IBCP
2084,IBEX
2085,IBKR
2086,IBOC
2087,IBRX
2088,IBTX
2089,ICAD
2090,ICCC
2091,ICCH
2092,ICCM
2093,ICCT
2094,ICFI
2095,ICG
2096,ICHR
2097,ICLK
2098,ICLR
2099,ICMB
2100,ICU
2102,ICUI
2103,IDAI
2104,IDCC
2105,IDEX
2106,IDN
2107,IDXX
2108,IDYA
2109,IEP
2110,IESC
2111,IFBD
2112,IFRX
2113,IGIC
2114,IGLD
2115,IGMS
2116,IGTA
2118,IGTAU
2120,IHRT
2121,III
2122,IIIV
2123,IINN
2124,IINNW
2125,IKNA
2126,IKT
2127,ILAG
2128,ILMN
2129,ILPT
2130,IMAB
2131,IMAQ
2133,IMAQU
2135,IMCC
2136,IMCR
2137,IMKTA
2138,IMMP
2139,IMMR
2140,IMMX
2141,IMNM
2142,IMNN
2143,IMOS
2144,IMPP
2145,IMPPP
2146,IMRN
2148,IMRX
2149,IMTE
2150,IMTX
2152,IMUX
2153,IMVT
2154,IMXI
2155,INAB
2156,INAQ
2157,INAQU
2158,INAQW
2159,INBK
2160,INBKZ
2161,INBS
2162,INBX
2163,INCR
2164,INCY
2165,INDB
2166,INDI
2167,INDP
2168,INDV
2169,INFN
2170,INGN
2171,INHD
2172,INKT
2173,INM
2174,INMB
2175,INMD
2176,INNV
2177,INO
2178,INOD
2180,INSE
2181,INSG
2182,INSM
2183,INTA
2184,INTC
2185,INTE
2186,INTEU
2188,INTG
2189,INTJ
2190,INTR
2191,INTS
2192,INTU
2193,INTZ
2194,INVA
2195,INVE
2196,INVO
2197,INVZ
2199,INZY
2200,IOBT
2201,IONM
2202,IONR
2203,IONS
2204,IOSP
2205,IOVA
2206,IPA
2207,IPAR
2208,IPDN
2209,IPGP
2210,IPHA
2211,IPIC
2212,IPSC
2214,IPW
2215,IPWR
2216,IPX
2217,IPXX
2218,IPXXU
2220,IQ
2221,IRAA
2222,IRAAU
2224,IRBT
2225,IRDM
2226,IREN
2227,IRIX
2228,IRMD
2229,IROH
2231,IROHU
2233,IRON
2234,IROQ
2235,IRTC
2236,IRWD
2238,ISPC
2239,ISPO
2240,ISPOW
2241,ISPR
2242,ISRG
2243,ISRL
2244,ISRLU
2246,ISSC
2247,ISTR
2248,ISUN
2249,ITCI
2250,ITI
2251,ITIC
2252,ITOS
2253,ITRI
2254,ITRM
2255,ITRN
2256,IVA
2257,IVAC
2258,IVCA
2259,IVCAU
2261,IVCB
2262,IVCBU
2264,IVCP
2265,IVCPU
2267,IVDA
2269,IVP
2270,IVVD
2271,IXAQ
2272,IXAQU
2274,IXHL
2275,IZEA
2276,IZM
2277,JACK
2278,JAGX
2279,JAKK
2280,JAMF
2281,JAN
2282,JANX
2284,JAZZ
2285,JBHT
2286,JBLU
2287,JBSS
2290,JCSE
2291,JCTCF
2292,JD
2293,JEWL
2294,JFBR
2296,JFIN
2297,JFU
2298,JG
2299,JJSF
2300,JKHY
2301,JL
2302,JMSB
2303,JNVR
2305,JOUT
2306,JRSH
2307,JRVR
2308,JSM
2309,JSPR
2311,JTAI
2313,JTAIZ
2314,JUNE
2316,JVA
2317,JVSA
2319,JVSAU
2320,JWEL
2321,JXJT
2322,JYD
2323,JYNT
2324,JZ
2325,JZXN
2326,KA
2327,KACL
2329,KACLU
2331,KALA
2332,KALU
2333,KALV
2334,KARO
2335,KAVL
2336,KBNT
2338,KC
2339,KDP
2340,KE
2341,KELYA
2342,KELYB
2343,KEQU
2345,KFFB
2346,KFRC
2347,KGEI
2348,KHC
2349,KIDS
2350,KINS
2351,KIRK
2352,KITT
2354,KLAC
2355,KLDO
2356,KLIC
2357,KLTR
2358,KLXE
2359,KMDA
2360,KNDI
2361,KNSA
2362,KOD
2363,KOPN
2364,KOSS
2365,KPLT
2367,KPRX
2368,KPTI
2369,KRKR
2370,KRMD
2371,KRNL
2372,KRNLU
2374,KRNT
2375,KRNY
2376,KRON
2377,KROS
2378,KRRO
2379,KRT
2380,KRUS
2381,KRYS
2382,KSCP
2384,KSPI
2385,KSPN
2386,KTCC
2387,KTOS
2388,KTRA
2389,KTTA
2391,KURA
2392,KVAC
2393,KVACU
2395,KVHI
2396,KWE
2398,KXIN
2403,KYMR
2404,KYTX
2405,KZIA
2406,KZR
2407,LAB
2408,LABP
2409,LAES
2410,LAKE
2411,LAMR
2412,LANC
2413,LAND
2414,LANDM
2415,LANDO
2416,LANDP
2417,LARK
2418,LASE
2419,LASR
2420,LATG
2421,LATGU
2422,LAUR
2425,LAZR
2426,LAZY
2427,LBAI
2432,LBPH
2434,LBRDA
2435,LBRDK
2436,LBRDP
2437,LBTYA
2438,LBTYB
2439,LBTYK
2441,LCFY
2443,LCID
2444,LCNB
2445,LCUT
2447,LDTC
2449,LDWY
2450,LE
2451,LECO
2452,LEDS
2453,LEE
2455,LEGH
2456,LEGN
2457,LENZ
2458,LESL
2459,LEXX
2462,LFCR
2463,LFLY
2465,LFMD
2466,LFMDP
2467,LFST
2468,LFUS
2469,LFVN
2470,LFWD
2471,LGCB
2472,LGCL
2473,LGCY
2474,LGHL
2476,LGIH
2477,LGMK
2478,LGND
2479,LGO
2481,LGVC
2482,LGVCU
2484,LGVN
2485,LI
2487,LIAN
2488,LIBY
2489,LIBYU
2490,LIBYW
2491,LICN
2492,LIDR
2493,LIDRW
2494,LIFE
2495,LIFW
2496,LIFWW
2498,LILA
2499,LILAK
2500,LILM
2501,LILMW
2502,LIN
2503,LINC
2504,LIND
2505,LINK
2506,LIPO
2507,LIQT
2508,LITE
2509,LITM
2510,LIVE
2511,LIVN
2512,LIXT
2513,LIXTW
2515,LKCO
2516,LKFN
2517,LKQ
2519,LLYVA
2520,LLYVK
2522,LMAT
2523,LMB
2526,LMFA
2527,LMNR
2528,LMPX
2530,LNKB
2531,LNSR
2532,LNT
2533,LNTH
2534,LNW
2535,LNZA
2537,LOAN
2538,LOBO
2539,LOCO
2540,LOGI
2541,LOOP
2542,LOPE
2543,LOT
2546,LOVE
2547,LPCN
2548,LPLA
2549,LPRO
2550,LPSN
2551,LPTH
2552,LPTX
2553,LQDA
2554,LQDT
2555,LQR
2556,LRCX
2557,LRFC
2558,LRHC
2559,LRMR
2560,LSAK
2561,LSBK
2562,LSCC
2563,LSDI
2564,LSEA
2566,LSTA
2567,LSTR
2568,LSXMA
2569,LSXMB
2570,LSXMK
2571,LTBR
2572,LTCH
2573,LTRN
2574,LTRPA
2575,LTRPB
2576,LTRX
2577,LTRY
2579,LUCD
2580,LUCY
2581,LUCYW
2582,LULU
2583,LUMO
2584,LUNA
2585,LUNG
2586,LUNR
2588,LUXH
2589,LUXHP
2590,LVLU
2591,LVO
2593,LVRO
2595,LVTX
2596,LWAY
2597,LWLG
2598,LX
2599,LXEH
2600,LXEO
2601,LXRX
2602,LYEL
2603,LYFT
2605,LYRA
2606,LYT
2607,LYTS
2608,LZ
2610,MACA
2611,MACAU
2613,MACK
2614,MAMA
2615,MAMO
2616,MANH
2617,MAPS
2619,MAQC
2620,MAQCU
2622,MAR
2623,MARA
2624,MARPS
2625,MARX
2627,MARXU
2628,MASI
2629,MASS
2630,MAT
2631,MATH
2632,MATW
2633,MAXN
2634,MAYS
2635,MBCN
2636,MBIN
2637,MBINM
2638,MBINN
2639,MBINO
2641,MBIO
2642,MBLY
2643,MBNKP
2644,MBOT
2645,MBRX
2649,MBUU
2650,MBWM
2651,MCAA
2652,MCAAU
2654,MCAC
2656,MCACU
2661,MCAG
2663,MCAGU
2664,MCBC
2665,MCBS
2666,MCFT
2667,MCHP
2668,MCHS
2669,MCHX
2670,MCOM
2672,MCRB
2673,MCRI
2674,MCVT
2675,MDAI
2677,MDB
2678,MDBH
2679,MDGL
2680,MDGS
2681,MDIA
2682,MDJH
2683,MDLZ
2685,MDNAF
2686,MDRR
2687,MDRRP
2688,MDRX
2689,MDWD
2690,MDXG
2691,MDXH
2692,ME
2693,MEDP
2694,MEDS
2695,MEDX
2696,MEGL
2697,MEIP
2698,MELI
2699,MEOH
2700,MERC
2701,MESA
2702,MESO
2703,META
2704,METC
2705,METCB
2706,METCL
2709,MFH
2710,MFI
2711,MFIC
2712,MFICL
2713,MFIN
2714,MGEE
2715,MGIC
2716,MGIH
2717,MGNI
2718,MGNX
2719,MGOL
2720,MGPI
2721,MGRC
2722,MGRM
2723,MGRX
2725,MGTX
2726,MGX
2727,MGYR
2728,MHLD
2729,MHUA
2730,MICS
2731,MIDD
2732,MIGI
2733,MIND
2734,MINDP
2735,MINM
2736,MIRA
2737,MIRM
2738,MIST
2739,MITA
2740,MITAU
2743,MITK
2744,MKSI
2745,MKTW
2746,MKTX
2747,MLAB
2748,MLCO
2749,MLEC
2751,MLGO
2752,MLKN
2753,MLTX
2754,MLYS
2755,MMAT
2756,MMLP
2757,MMSI
2758,MMV
2760,MMYT
2761,MNDO
2762,MNDR
2763,MNDY
2764,MNKD
2765,MNMD
2766,MNOV
2767,MNPR
2768,MNRO
2769,MNSB
2770,MNSBP
2771,MNST
2772,MNTK
2773,MNTL
2774,MNTS
2776,MNTX
2777,MNY
2778,MNYWW
2779,MOB
2780,MOBBW
2781,MOBQ
2783,MOBX
2785,MODD
2786,MODV
2787,MOFG
2788,MOGO
2789,MOLN
2790,MOMO
2791,MOND
2792,MOR
2793,MORF
2794,MORN
2795,MOVE
2796,MPAA
2798,MPB
2800,MPWR
2801,MQ
2802,MRAI
2803,MRAM
2804,MRBK
2805,MRCC
2806,MRCY
2807,MREO
2808,MRIN
2809,MRKR
2810,MRM
2811,MRNA
2812,MRNO
2814,MRNS
2815,MRSN
2816,MRTN
2817,MRUS
2818,MRVI
2819,MRVL
2820,MRX
2821,MSAI
2823,MSBI
2824,MSBIP
2825,MSDA
2827,MSEX
2828,MSFT
2829,MSGM
2831,MSS
2832,MSSA
2834,MSSAU
2836,MSTR
2837,MSVB
2841,MTC
2842,MTCH
2843,MTEK
2845,MTEM
2846,MTEN
2847,MTEX
2848,MTLS
2854,MULN
2855,MURA
2857,MVBF
2858,MVIS
2860,MVST
2862,MXCT
2863,MXL
2864,MYFW
2865,MYGN
2866,MYMD
2867,MYNA
2868,MYNZ
2869,MYPS
2870,MYPSW
2871,MYRG
2872,MYSZ
2874,NAAS
2875,NAII
2876,NAMS
2877,NAMSW
2878,NAOV
2879,NARI
2880,NATH
2881,NATR
2882,NAUT
2883,NAVI
2884,NB
2885,NBBK
2886,NBIX
2887,NBN
2888,NBSE
2889,NBST
2891,NBTB
2892,NBTX
2893,NCI
2894,NCMI
2895,NCNA
2896,NCNC
2898,NCNO
2899,NCPB
2900,NCPL
2902,NCRA
2903,NCSM
2904,NCTY
2905,NDAQ
2906,NDLS
2907,NDRA
2908,NDSN
2909,NECB
2910,NEGG
2911,NEO
2912,NEOG
2914,NEON
2915,NEOV
2917,NEPH
2919,NERV
2920,NESR
2921,NETD
2922,NETDU
2925,NEWT
2926,NEWTI
2927,NEWTL
2928,NEWTZ
2929,NEWZ
2930,NEXI
2931,NEXN
2932,NEXT
2933,NFBK
2934,NFE
2935,NFLX
2936,NGMS
2937,NGNE
2939,NHTC
2940,NICE
2941,NICK
2945,NISN
2946,NITO
2947,NIU
2948,NIVF
2950,NKGN
2952,NKLA
2953,NKSH
2954,NKTR
2955,NKTX
2957,NLSP
2958,NLSPW
2959,NMFC
2960,NMFCZ
2961,NMHI
2963,NMIH
2964,NMRA
2965,NMRD
2966,NMRK
2967,NMTC
2968,NN
2969,NNAG
2971,NNAGU
2974,NNBR
2975,NNDM
2976,NNOX
2977,NODK
2980,NOTV
2981,NOVT
2982,NOVV
2984,NOVVU
2986,NPAB
2987,NPABU
2989,NPCE
2990,NPFI
2994,NRBO
2995,NRC
2996,NRDS
2997,NRIM
2998,NRIX
2999,NRSN
3001,NRXP
3003,NSCR
3004,NSIT
3005,NSPR
3006,NSSC
3007,NSTG
3008,NSTS
3009,NSYS
3010,NTAP
3011,NTBL
3012,NTCT
3013,NTES
3014,NTGR
3015,NTIC
3016,NTLA
3017,NTNX
3018,NTRA
3019,NTRB
3020,NTRBW
3021,NTRP
3022,NTRS
3023,NTRSO
3024,NTWK
3026,NUKK
3027,NUKKW
3028,NURO
3029,NUSB
3030,NUTX
3031,NUVL
3032,NUVO
3034,NUWE
3035,NUZE
3036,NVAC
3039,NVAX
3040,NVCR
3041,NVCT
3042,NVDA
3043,NVEC
3044,NVEE
3045,NVEI
3046,NVFY
3047,NVMI
3048,NVNI
3050,NVNO
3051,NVNOW
3052,NVOS
3053,NVTS
3054,NVVE
3056,NVX
3057,NWBI
3058,NWE
3059,NWFL
3060,NWGL
3061,NWL
3062,NWLI
3063,NWPX
3064,NWS
3065,NWSA
3066,NWTN
3068,NXGL
3070,NXL
3072,NXPI
3073,NXPL
3075,NXST
3076,NXT
3077,NXTC
3078,NXTT
3079,NYAX
3080,NYMT
3081,NYMTL
3082,NYMTM
3083,NYMTN
3084,NYMTZ
3085,NYXH
3086,OABI
3089,OAKU
3090,OAKUR
3091,OAKUU
3094,OB
3095,OBIO
3096,OBLG
3097,OBT
3098,OCAX
3099,OCAXU
3101,OCC
3102,OCCI
3103,OCCIN
3104,OCCIO
3105,OCEA
3107,OCFC
3108,OCFCP
3109,OCG
3110,OCGN
3111,OCS
3113,OCSL
3114,OCTO
3115,OCUL
3116,OCUP
3117,OCX
3118,ODD
3119,ODFL
3120,ODP
3122,OEPWU
3123,OESX
3124,OFED
3125,OFIX
3126,OFLX
3127,OFS
3128,OFSSH
3130,OGI
3133,OKTA
3134,OKYO
3135,OLB
3136,OLED
3137,OLK
3138,OLLI
3139,OLMA
3140,OLPX
3141,OM
3142,OMAB
3143,OMCL
3144,OMER
3145,OMEX
3146,OMGA
3147,OMH
3148,OMIC
3149,OMQS
3150,ON
3151,ONB
3152,ONBPO
3153,ONBPP
3154,ONCO
3155,ONCT
3156,ONCY
3157,ONDS
3158,ONEW
3159,ONFO
3161,ONMD
3164,ONVO
3165,ONYX
3166,ONYXU
3168,OP
3169,OPAL
3170,OPBK
3171,OPCH
3172,OPEN
3173,OPGN
3174,OPHC
3175,OPI
3176,OPINL
3177,OPK
3178,OPOF
3179,OPRA
3180,OPRT
3181,OPRX
3182,OPT
3183,OPTN
3184,OPTX
3186,OPTZ
3187,OPXS
3188,ORGN
3190,ORGO
3191,ORGS
3192,ORIC
3193,ORLY
3194,ORMP
3195,ORRF
3196,OSA
3198,OSBC
3199,OSIS
3200,OSPN
3201,OSS
3202,OST
3204,OSUR
3205,OSW
3207,OTECU
3208,OTECW
3209,OTEX
3210,OTLK
3211,OTLY
3213,OTRK
3214,OTTR
3215,OVBC
3216,OVID
3217,OVLY
3219,OXBR
3221,OXLCL
3222,OXLCM
3223,OXLCN
3224,OXLCO
3225,OXLCP
3226,OXLCZ
3227,OXSQG
3228,OXSQZ
3230,OZK
3231,OZKAP
3232,PAA
3233,PABD
3234,PACB
3237,PAGP
3238,PAHC
3239,PALI
3240,PALT
3241,PANL
3242,PANW
3244,PARA
3245,PARAA
3247,PASG
3248,PATK
3249,PAVM
3250,PAVMW
3252,PAVS
3253,PAX
3254,PAYO
3256,PAYS
3257,PAYX
3259,PBBK
3260,PBFS
3261,PBHC
3262,PBM
3264,PBNC
3265,PBPB
3266,PBYI
3267,PCAR
3268,PCB
3269,PCH
3270,PCRX
3271,PCSA
3272,PCT
3273,PCTTU
3275,PCTY
3276,PCVX
3278,PCYO
3279,PDCO
3280,PDD
3281,PDEX
3282,PDFS
3283,PDLB
3284,PDSB
3285,PDYN
3286,PDYNW
3288,PEBK
3289,PEBO
3290,PECO
3291,PEGA
3292,PEGR
3293,PEGRU
3295,PEGY
3296,PENN
3297,PEP
3298,PEPG
3302,PERI
3303,PESI
3304,PET
3305,PETQ
3306,PETS
3308,PETZ
3309,PEV
3310,PFBC
3311,PFC
3312,PFG
3314,PFIE
3315,PFIS
3316,PFMT
3317,PFTA
3318,PFTAU
3320,PFX
3321,PFXNZ
3322,PGC
3323,PGEN
3324,PGNY
3325,PGY
3326,PGYWW
3327,PHAR
3328,PHAT
3329,PHIO
3330,PHUN
3332,PHVS
3333,PI
3334,PIII
3336,PIK
3337,PINC
3338,PIRS
3339,PIXY
3340,PKBK
3341,PKOH
3342,PLAB
3343,PLAO
3344,PLAOU
3346,PLAY
3347,PLBC
3348,PLBY
3349,PLCE
3350,PLL
3351,PLMI
3352,PLMIU
3354,PLMJ
3355,PLMJU
3357,PLMR
3358,PLPC
3359,PLRX
3360,PLSE
3361,PLTK
3362,PLTN
3364,PLTNU
3366,PLUG
3367,PLUR
3368,PLUS
3369,PLXS
3370,PLYA
3371,PMCB
3372,PMD
3373,PMEC
3374,PMGM
3375,PMGMU
3377,PMN
3378,PMTS
3379,PMVP
3381,PNBK
3382,PNFP
3383,PNFPP
3384,PNRG
3385,PNTG
3386,POAI
3387,POCI
3388,PODC
3389,PODD
3390,POET
3391,POLA
3392,POOL
3393,POWI
3394,POWL
3395,POWW
3396,POWWP
3397,PPBI
3398,PPBT
3399,PPC
3400,PPHP
3403,PPIH
3404,PPSI
3405,PPTA
3406,PPYA
3407,PPYAU
3409,PRAA
3410,PRAX
3411,PRCH
3412,PRCT
3413,PRDO
3414,PRE
3416,PRFT
3417,PRFX
3418,PRGS
3419,PRLD
3420,PRLH
3421,PRLHU
3423,PRME
3424,PROC
3426,PROF
3428,PROK
3429,PROV
3430,PRPH
3431,PRPL
3432,PRPO
3433,PRQR
3434,PRSO
3436,PRST
3438,PRTA
3439,PRTC
3440,PRTG
3441,PRTH
3442,PRTS
3443,PRVA
3444,PRZO
3445,PSEC
3446,PSHG
3447,PSMT
3448,PSNL
3449,PSNY
3450,PSNYW
3452,PSTR
3453,PSTV
3454,PSTX
3455,PT
3456,PTC
3457,PTCT
3458,PTEN
3459,PTGX
3460,PTHRU
3462,PTIX
3464,PTLO
3466,PTON
3467,PTPI
3468,PTSI
3469,PTVE
3470,PTWO
3471,PTWOU
3473,PUBM
3474,PUCK
3475,PUCKU
3477,PULM
3479,PVBC
3480,PWFL
3481,PWM
3482,PWOD
3483,PWP
3484,PWUP
3485,PWUPU
3487,PXDT
3488,PXLW
3489,PXS
3490,PXSAP
3492,PYCR
3493,PYPD
3494,PYPL
3496,PYXS
3497,PZZA
3498,QCOM
3499,QCRH
3500,QDEL
3501,QDRO
3502,QDROU
3504,QETA
3506,QETAU
3507,QFIN
3508,QH
3509,QIPT
3510,QIWI
3511,QLGN
3512,QLI
3513,QLYS
3514,QMCO
3515,QMID
3516,QNCX
3517,QNRX
3518,QNST
3519,QOMO
3521,QOMOU
3523,QQQI
3524,QQQX
3525,QRHC
3526,QRTEA
3527,QRTEB
3528,QRTEP
3529,QRVO
3530,QSG
3531,QSI
3533,QSML
3535,QTI
3536,QTRX
3537,QTTB
3538,QUBT
3539,QUIK
3540,QURE
3541,RACY
3542,RACYU
3543,RAIL
3544,RAND
3545,RANI
3546,RAPT
3547,RARE
3548,RAVE
3549,RAYA
3550,RBB
3551,RBBN
3552,RBCAA
3553,RBCN
3554,RBKB
3555,RCAT
3556,RCEL
3557,RCKT
3559,RCKY
3561,RCM
3562,RCMT
3563,RCON
3564,RCRT
3566,RDCM
3567,RDFN
3568,RDHL
3569,RDI
3570,RDIB
3571,RDNT
3572,RDUS
3573,RDVT
3574,RDWR
3575,RDZN
3577,REAI
3578,REAL
3579,REAX
3580,REBN
3581,REE
3582,REED
3583,REFI
3584,REFR
3585,REG
3586,REGCO
3587,REGCP
3588,REGN
3589,REKR
3590,RELI
3592,RELL
3593,RELY
3594,RENB
3595,RENE
3596,RENEU
3597,RENEW
3598,RENT
3599,REPL
3600,RETO
3601,REVB
3604,REYN
3605,RFAC
3607,RFACU
3609,RFIL
3610,RGC
3611,RGCO
3612,RGEN
3613,RGF
3614,RGLD
3615,RGLS
3616,RGNX
3617,RGP
3618,RGS
3619,RGTI
3621,RIBT
3622,RICK
3623,RIGL
3624,RILY
3625,RILYG
3626,RILYK
3627,RILYL
3628,RILYM
3629,RILYN
3630,RILYO
3631,RILYP
3632,RILYT
3633,RILYZ
3634,RIOT
3635,RIVN
3636,RKDA
3637,RKLB
3638,RLAY
3639,RLMD
3640,RLYB
3641,RMBI
3642,RMBL
3643,RMBS
3644,RMCF
3645,RMCO
3647,RMGC
3648,RMGCU
3650,RMNI
3651,RMR
3652,RMTI
3653,RNA
3654,RNAC
3655,RNAZ
3656,RNLX
3657,RNW
3658,RNWWW
3659,RNXT
3660,ROAD
3661,ROCK
3662,ROCL
3663,ROCLU
3666,ROIC
3667,ROII
3668,ROIV
3670,ROKU
3673,ROMA
3674,ROOT
3675,ROP
3676,ROST
3677,RPAY
3678,RPD
3679,RPHM
3680,RPID
3681,RPRX
3682,RPTX
3683,RR
3684,RRBI
3685,RRGB
3686,RRR
3687,RSLS
3688,RSSS
3689,RSVR
3690,RSVRW
3691,RTC
3692,RUM
3694,RUN
3695,RUSHA
3696,RUSHB
3697,RVMD
3699,RVNC
3700,RVPH
3702,RVSB
3703,RVSN
3705,RVYL
3706,RWAY
3707,RWAYL
3708,RWAYZ
3709,RWOD
3711,RWODU
3713,RXRX
3714,RXST
3715,RXT
3716,RYAAY
3717,RYTM
3718,RZLT
3719,SABR
3720,SABS
3722,SAFT
3726,SAGE
3727,SAI
3728,SAIA
3729,SAIC
3731,SALM
3733,SAMG
3734,SANA
3735,SANG
3736,SANM
3737,SANW
3739,SASR
3740,SATL
3742,SATS
3743,SAVA
3744,SAVAW
3745,SBAC
3746,SBCF
3748,SBET
3749,SBFG
3750,SBFM
3752,SBGI
3753,SBLK
3754,SBNY
3755,SBOT
3756,SBRA
3757,SBSI
3758,SBT
3760,SBUX
3761,SCHL
3762,SCKT
3763,SCLX
3765,SCNI
3766,SCOR
3767,SCPH
3768,SCPS
3769,SCRM
3770,SCRMU
3772,SCSC
3773,SCVL
3774,SCWO
3775,SCWX
3776,SCYX
3777,SDA
3780,SDGR
3781,SDIG
3782,SDOT
3783,SEAT
3784,SEATW
3785,SECO
3786,SEDG
3787,SEED
3788,SEEL
3789,SEER
3790,SEIC
3791,SELF
3792,SELX
3793,SENEA
3794,SENEB
3795,SEPA
3796,SEPAU
3798,SERA
3799,SERV
3800,SEVN
3801,SEZL
3802,SFBC
3804,SFIX
3805,SFM
3806,SFNC
3809,SFST
3811,SFWL
3812,SGA
3813,SGBX
3815,SGC
3816,SGD
3818,SGH
3819,SGHT
3822,SGLY
3823,SGMA
3824,SGML
3825,SGMO
3827,SGMT
3828,SGRP
3829,SGRY
3830,SHBI
3831,SHC
3832,SHCR
3833,SHCRW
3834,SHEN
3835,SHFS
3837,SHIM
3838,SHIP
3839,SHLS
3840,SHLT
3841,SHMD
3843,SHOO
3844,SHOT
3846,SHPH
3847,SHPW
3849,SHYF
3850,SIBN
3851,SIC
3852,SIDU
3853,SIEB
3854,SIFY
3855,SIGA
3856,SIGI
3857,SIGIP
3858,SILC
3859,SILK
3860,SILO
3861,SIMO
3862,SINT
3863,SIRI
3864,SISI
3865,SITM
3866,SJ
3867,SKGR
3868,SKGRU
3869,SKGRW
3870,SKIN
3871,SKWD
3872,SKYE
3873,SKYT
3874,SKYW
3875,SKYX
3876,SLAB
3878,SLAM
3879,SLAMU
3882,SLDB
3883,SLDP
3885,SLE
3888,SLGL
3889,SLM
3890,SLMBP
3891,SLN
3892,SLNA
3895,SLNG
3896,SLNH
3897,SLNHP
3898,SLNO
3899,SLP
3900,SLRC
3901,SLRN
3902,SLRX
3903,SLS
3905,SMBC
3906,SMCI
3907,SMFL
3909,SMID
3910,SMIT
3911,SMLR
3912,SMMF
3913,SMMT
3914,SMPL
3915,SMSI
3916,SMTC
3917,SMTI
3918,SMX
3919,SMXT
3921,SNAL
3922,SNAX
3924,SNBR
3925,SNCR
3926,SNCRL
3927,SNCY
3928,SND
3929,SNDL
3930,SNDX
3931,SNES
3932,SNEX
3933,SNFCA
3934,SNGX
3935,SNOA
3936,SNPO
3937,SNPS
3938,SNPX
3939,SNSE
3940,SNT
3941,SNTG
3942,SNTI
3943,SNY
3944,SOBR
3945,SOFI
3946,SOFO
3947,SOGP
3948,SOHO
3949,SOHOB
3950,SOHON
3951,SOHOO
3952,SOHU
3953,SOND
3955,SONG
3956,SONM
3957,SONN
3958,SONO
3959,SOPA
3960,SOPH
3961,SOTK
3962,SOUN
3964,SOWG
3965,SP
3966,SPCB
3968,SPFI
3969,SPGC
3970,SPI
3971,SPKL
3972,SPKLU
3974,SPNS
3975,SPOK
3976,SPPL
3977,SPRB
3978,SPRC
3979,SPRO
3980,SPRY
3981,SPSC
3982,SPT
3983,SPTN
3984,SPWH
3985,SPWR
3986,SQFT
3987,SQFTP
3990,SRAD
3991,SRAX
3992,SRBK
3993,SRCE
3994,SRCL
3995,SRDX
3996,SRM
3997,SRPT
3998,SRRK
3999,SRTS
4000,SRZN
4002,SSBI
4003,SSBK
4004,SSIC
4005,SSKN
4006,SSNC
4007,SSNT
4008,SSP
4009,SSRM
4010,SSSS
4011,SSSSL
4012,SSTI
4013,SSYS
4014,STAA
4015,STAB
4016,STAF
4017,STBA
4018,STBX
4019,STCN
4020,STEP
4021,STER
4022,STGW
4023,STHO
4024,STI
4025,STIM
4028,STKH
4029,STKL
4030,STKS
4031,STLD
4032,STNE
4033,STOK
4034,STRA
4038,STRL
4039,STRM
4040,STRO
4041,STRR
4042,STRRP
4043,STRS
4044,STRT
4045,STSS
4047,STTK
4048,STX
4049,SUGP
4050,SUPN
4051,SURG
4053,SUUN
4055,SVA
4056,SVC
4058,SVII
4060,SVIIU
4062,SVMH
4064,SVRA
4065,SVRE
4067,SVVC
4068,SWAG
4070,SWAV
4071,SWBI
4072,SWIM
4073,SWIN
4074,SWKH
4075,SWKHL
4076,SWKS
4077,SWSS
4078,SWSSU
4080,SWTX
4081,SWVL
4083,SXTC
4084,SXTP
4086,SY
4087,SYBT
4088,SYBX
4089,SYM
4090,SYNA
4091,SYPR
4092,SYRA
4093,SYRE
4094,SYRS
4095,SYT
4096,SYTA
4099,TACT
4100,TAIT
4101,TALK
4124,TC
4125,TCBC
4126,TCBI
4127,TCBIO
4128,TCBK
4129,TCBP
4131,TCBS
4132,TCBX
4133,TCJH
4134,TCMD
4135,TCOM
4136,TCON
4137,TCPC
4138,TCRT
4139,TCRX
4140,TCTM
4141,TCX
4142,TDUP
4143,TEAM
4144,TECH
4145,TECTP
4146,TELA
4147,TELO
4148,TENB
4149,TENK
4151,TENKU
4152,TENX
4153,TER
4154,TERN
4161,TFINP
4162,TFSL
4163,TGAA
4164,TGAAU
4166,TGAN
4167,TGL
4168,TGTX
4170,TGVCW
4171,TH
4172,THAR
4173,THCH
4174,THCP
4175,THCPU
4177,THFF
4178,THMO
4179,THRD
4180,THRM
4181,THRY
4182,THTX
4184,TIGO
4185,TIGR
4186,TIL
4187,TILE
4188,TIO
4190,TIPT
4191,TIRX
4192,TITN
4193,TIVC
4194,TKLF
4195,TKNO
4196,TLF
4197,TLGY
4198,TLGYU
4200,TLIS
4201,TLPH
4202,TLRY
4203,TLS
4204,TLSA
4205,TLSI
4206,TLSIW
4207,TMC
4208,TMCI
4209,TMCWW
4210,TMDX
4212,TMTC
4214,TMTCU
4215,TMUS
4216,TNDM
4217,TNGX
4218,TNON
4220,TNXP
4221,TNYA
4222,TOI
4224,TOMZ
4225,TOP
4226,TORO
4227,TOUR
4228,TOWN
4229,TPCS
4230,TPG
4231,TPGXL
4232,TPIC
4233,TPST
4234,TRAW
4235,TRDA
4236,TREE
4237,TRES
4238,TRIB
4239,TRIN
4240,TRINL
4241,TRINZ
4242,TRIP
4246,TRMB
4247,TRMD
4248,TRMK
4249,TRML
4250,TRNR
4251,TRNS
4252,TRON
4253,TRONU
4255,TROO
4256,TROW
4257,TRS
4258,TRSG
4259,TRST
4260,TRUE
4261,TRUG
4262,TRUP
4263,TRVG
4264,TRVI
4265,TRVN
4266,TSAT
4267,TSBK
4268,TSBX
4269,TSCO
4270,TSEM
4271,TSHA
4272,TSIBU
4273,TSLA
4274,TSRI
4275,TSVT
4276,TTD
4277,TTEC
4278,TTEK
4279,TTGT
4280,TTMI
4281,TTNP
4282,TTOO
4283,TTSH
4284,TTWO
4286,TURB
4287,TUSK
4288,TVGN
4290,TVTX
4291,TW
4292,TWG
4293,TWIN
4294,TWKS
4295,TWLV
4296,TWLVU
4298,TWOU
4299,TWST
4300,TXG
4301,TXMD
4302,TXN
4303,TXRH
4304,TYGO
4306,TYRA
4307,TZOO
4308,UAL
4309,UBCP
4310,UBFO
4311,UBOH
4312,UBSI
4313,UBX
4314,UBXG
4315,UCAR
4316,UCBI
4317,UCBIO
4318,UCL
4319,UCTT
4320,UDMY
4321,UEIC
4322,UFCS
4323,UFPI
4324,UFPT
4325,UG
4326,UGRO
4327,UHG
4329,UK
4331,ULBI
4332,ULCC
4333,ULH
4334,ULTA
4335,ULY
4336,UMBF
4337,UNAM
4338,UNB
4339,UNCY
4340,UNIT
4341,UNTY
4342,UONE
4343,UONEK
4344,UPBD
4345,UPC
4346,UPLD
4347,UPST
4349,UPWK
4350,UPXI
4351,URBN
4352,URGN
4353,UROY
4354,USAP
4355,USAU
4356,USCB
4357,USCT
4358,USCTU
4360,USEA
4361,USEG
4362,USGO
4364,USIN
4365,USIO
4366,USLM
4367,USOI
4368,USSH
4369,UTHR
4370,UTMD
4372,UTRS
4373,UTSI
4374,UVSP
4375,UXIN
4376,VABK
4377,VALN
4378,VALU
4379,VANI
4381,VAXX
4382,VBFC
4383,VBIV
4385,VBNK
4386,VBTX
4387,VC
4388,VCEL
4389,VCIG
4391,VCNX
4392,VCSA
4393,VCTR
4394,VCYT
4395,VECO
4396,VEEE
4398,VEON
4399,VERA
4400,VERB
4402,VERI
4403,VERO
4404,VERU
4405,VERV
4406,VERX
4407,VERY
4408,VEV
4409,VFF
4410,VFS
4411,VFSWW
4412,VGAS
4415,VIA
4416,VIASP
4417,VIAV
4418,VICR
4419,VIEW
4421,VIGL
4422,VINC
4423,VINO
4424,VINP
4425,VIOT
4426,VIR
4427,VIRC
4428,VIRI
4429,VIRT
4430,VIRX
4431,VISL
4432,VITL
4433,VIVE
4434,VIVK
4436,VJTTY
4437,VKTX
4438,VLCN
4439,VLGEA
4441,VLY
4442,VLYPO
4443,VLYPP
4444,VMAR
4445,VMCA
4446,VMCAU
4448,VMD
4449,VMEO
4450,VNDA
4451,VNET
4452,VNOM
4453,VOD
4454,VOR
4455,VOXR
4456,VOXX
4458,VRA
4459,VRAR
4460,VRAX
4461,VRCA
4462,VRDN
4463,VREX
4464,VRM
4465,VRME
4467,VRNA
4468,VRNS
4469,VRNT
4470,VRPX
4471,VRRM
4472,VRSK
4473,VRSN
4474,VRSSF
4475,VRTX
4476,VS
4477,VSAC
4478,VSACU
4480,VSAT
4481,VSEC
4482,VSME
4483,VSSYW
4484,VSTA
4485,VSTE
4487,VSTM
4488,VTGN
4489,VTNR
4490,VTRS
4491,VTRU
4492,VTSI
4493,VTVT
4494,VTYX
4495,VUZI
4496,VVOS
4497,VVPR
4498,VWE
4500,VXRT
4501,VYGR
4502,VYNE
4503,WABC
4504,WAFD
4505,WAFDP
4506,WAFU
4507,WALD
4508,WALDW
4509,WASH
4510,WATT
4511,WAVD
4512,WAVE
4513,WAVS
4514,WAVSU
4516,WB
4517,WBA
4518,WBD
4519,WBUY
4520,WDAY
4521,WDC
4522,WDFC
4524,WEN
4525,WERN
4526,WEST
4530,WETH
4531,WEYS
4532,WFCF
4533,WFRD
4534,WGS
4536,WHF
4537,WHFCL
4538,WHLM
4539,WHLR
4540,WHLRD
4541,WHLRL
4542,WHLRP
4543,WILC
4544,WIMI
4545,WINA
4546,WING
4547,WINT
4548,WINV
4551,WIRE
4552,WISA
4553,WISH
4554,WIX
4555,WKEY
4557,WKHS
4558,WKME
4559,WKSP
4561,WLDN
4562,WLDS
4564,WLFC
4565,WLGS
4567,WMG
4568,WMPN
4569,WNEB
4570,WNW
4571,WOOF
4572,WORX
4573,WPRT
4574,WRAP
4575,WRLD
4576,WRNT
4577,WSBC
4578,WSBCP
4579,WSBF
4580,WSC
4581,WSFS
4583,WTBA
4584,WTFC
4585,WTFCM
4586,WTFCP
4587,WTMA
4589,WTMAU
4590,WTO
4591,WTW
4592,WULF
4593,WVE
4594,WVFC
4595,WVVI
4596,WVVIP
4597,WW
4600,WWD
4601,WYNN
4602,XAIR
4603,XBIO
4604,XBIOW
4605,XBIT
4606,XBP
4608,XCUR
4609,XEL
4610,XELA
4611,XELAP
4612,XELB
4613,XENE
4614,XERS
4615,XFIN
4616,XFINU
4618,XFOR
4619,XGN
4620,XLO
4621,XLYO
4622,XMTR
4623,XNCR
4624,XNET
4625,XOMA
4626,XOMAO
4627,XOMAP
4628,XOS
4630,XP
4634,XPEL
4635,XPON
4636,XRAY
4637,XRTX
4638,XRX
4640,XTIA
4641,XTKG
4642,XTLB
4643,XWEL
4644,XXII
4645,XYLO
4647,YGMZ
4648,YHGJ
4649,YI
4650,YIBO
4651,YJ
4652,YMAB
4653,YNDX
4654,YORW
4655,YOSH
4656,YOTA
4658,YOTAU
4660,YQ
4661,YRIV
4662,YS
4664,YTEN
4665,YTRA
4666,YY
4667,YYAI
4668,YYGH
4669,Z
4670,ZAPP
4672,ZBAO
4673,ZBRA
4674,ZCAR
4676,ZCMD
4677,ZD
4678,ZENV
4679,ZEO
4681,ZEUS
4682,ZFOX
4683,ZFOXW
4684,ZG
4685,ZI
4686,ZIMV
4687,ZION
4688,ZIONL
4689,ZIONO
4690,ZIONP
4691,ZIVO
4693,ZJYL
4694,ZKIN
4695,ZLAB
4696,ZLS
4697,ZLSWU
4699,ZM
4700,ZNTL
4701,ZOOZ
4703,ZPTA
4705,ZS
4706,ZTEK
4707,ZUMZ
4708,ZURA
4710,ZVRA
4711,ZVSA
4713,ZWRKU
4714,ZYME
4715,ZYXI